Workbook

Sheet 考勤记录
A1: 工号 | B1: 姓名 | C1: 部门 | D1: 日期 | E1: 上班打卡 | F1: 下班打卡 | G1: 迟到(分钟) | H1: 早退(分钟) | I1: 出勤状态
A2: E001 | B2: 李明 | C2: 销售部 | D2: 2026-09-01 | E2: 08:55 | F2: 18:14 | G2: =IF(E2="","",IF(E2>"09:00",(E2-"09:00")*1440,0)) | H2: 0 | I2: 正常
A3: E001 | B3: 李明 | C3: 销售部 | D3: 2026-09-02 | E3: 09:17 | F3: 18:18 | G3: =IF(E3="","",IF(E3>"09:00",(E3-"09:00")*1440,0)) | H3: 0 | I3: 迟到
A4: E001 | B4: 李明 | C4: 销售部 | D4: 2026-09-03 | E4: 08:55 | F4: 18:18 | G4: =IF(E4="","",IF(E4>"09:00",(E4-"09:00")*1440,0)) | H4: 0 | I4: 正常
A5: E001 | B5: 李明 | C5: 销售部 | D5: 2026-09-04 | E5: 08:55 | F5: 18:34 | G5: =IF(E5="","",IF(E5>"09:00",(E5-"09:00")*1440,0)) | H5: 0 | I5: 正常
A6: E001 | B6: 李明 | C6: 销售部 | D6: 2026-09-07 | I6: 请假
A7: E001 | B7: 李明 | C7: 销售部 | D7: 2026-09-08 | E7: 08:55 | F7: 18:33 | G7: =IF(E7="","",IF(E7>"09:00",(E7-"09:00")*1440,0)) | H7: 0 | I7: 正常
A8: E001 | B8: 李明 | C8: 销售部 | D8: 2026-09-09 | E8: 09:04 | F8: 18:47 | G8: =IF(E8="","",IF(E8>"09:00",(E8-"09:00")*1440,0)) | H8: 0 | I8: 迟到
A9: E001 | B9: 李明 | C9: 销售部 | D9: 2026-09-10 | E9: 08:55 | F9: 18:34 | G9: =IF(E9="","",IF(E9>"09:00",(E9-"09:00")*1440,0)) | H9: 0 | I9: 正常
A10: E001 | B10: 李明 | C10: 销售部 | D10: 2026-09-11 | E10: 08:55 | F10: 18:09 | G10: =IF(E10="","",IF(E10>"09:00",(E10-"09:00")*1440,0)) | H10: 0 | I10: 正常
A11: E001 | B11: 李明 | C11: 销售部 | D11: 2026-09-14 | E11: 09:20 | F11: 18:42 | G11: =IF(E11="","",IF(E11>"09:00",(E11-"09:00")*1440,0)) | H11: 0 | I11: 迟到
A12: E001 | B12: 李明 | C12: 销售部 | D12: 2026-09-15 | E12: 08:59 | F12: 18:27 | G12: =IF(E12="","",IF(E12>"09:00",(E12-"09:00")*1440,0)) | H12: 0 | I12: 迟到
A13: E001 | B13: 李明 | C13: 销售部 | D13: 2026-09-16 | E13: 08:58 | F13: 18:47 | G13: =IF(E13="","",IF(E13>"09:00",(E13-"09:00")*1440,0)) | H13: 0 | I13: 迟到
A14: E001 | B14: 李明 | C14: 销售部 | D14: 2026-09-17 | E14: 08:55 | F14: 18:21 | G14: =IF(E14="","",IF(E14>"09:00",(E14-"09:00")*1440,0)) | H14: 0 | I14: 正常
A15: E001 | B15: 李明 | C15: 销售部 | D15: 2026-09-18 | E15: 08:55 | F15: 18:22 | G15: =IF(E15="","",IF(E15>"09:00",(E15-"09:00")*1440,0)) | H15: 0 | I15: 正常
A16: E001 | B16: 李明 | C16: 销售部 | D16: 2026-09-21 | E16: 08:55 | F16: 18:11 | G16: =IF(E16="","",IF(E16>"09:00",(E16-"09:00")*1440,0)) | H16: 0 | I16: 正常
A17: E001 | B17: 李明 | C17: 销售部 | D17: 2026-09-22 | I17: 请假
A18: E001 | B18: 李明 | C18: 销售部 | D18: 2026-09-23 | E18: 09:11 | F18: 18:49 | G18: =IF(E18="","",IF(E18>"09:00",(E18-"09:00")*1440,0)) | H18: 0 | I18: 迟到
A19: E001 | B19: 李明 | C19: 销售部 | D19: 2026-09-24 | E19: 08:55 | F19: 18:07 | G19: =IF(E19="","",IF(E19>"09:00",(E19-"09:00")*1440,0)) | H19: 0 | I19: 正常
A20: E001 | B20: 李明 | C20: 销售部 | D20: 2026-09-25 | E20: 09:00 | F20: 18:49 | G20: =IF(E20="","",IF(E20>"09:00",(E20-"09:00")*1440,0)) | H20: 0 | I20: 迟到
A21: E001 | B21: 李明 | C21: 销售部 | D21: 2026-09-28 | E21: 08:55 | F21: 18:09 | G21: =IF(E21="","",IF(E21>"09:00",(E21-"09:00")*1440,0)) | H21: 0 | I21: 正常
A22: E001 | B22: 李明 | C22: 销售部 | D22: 2026-09-29 | E22: 08:55 | F22: 18:12 | G22: =IF(E22="","",IF(E22>"09:00",(E22-"09:00")*1440,0)) | H22: 0 | I22: 正常
A23: E001 | B23: 李明 | C23: 销售部 | D23: 2026-09-30 | E23: 08:55 | F23: 18:07 | G23: =IF(E23="","",IF(E23>"09:00",(E23-"09:00")*1440,0)) | H23: 0 | I23: 正常
A24: E002 | B24: 王芳 | C24: 技术部 | D24: 2026-09-01 | E24: 08:55 | F24: 18:45 | G24: =IF(E24="","",IF(E24>"09:00",(E24-"09:00")*1440,0)) | H24: 0 | I24: 正常
A25: E002 | B25: 王芳 | C25: 技术部 | D25: 2026-09-02 | E25: 08:55 | F25: 18:13 | G25: =IF(E25="","",IF(E25>"09:00",(E25-"09:00")*1440,0)) | H25: 0 | I25: 正常
A26: E002 | B26: 王芳 | C26: 技术部 | D26: 2026-09-03 | E26: 09:16 | F26: 18:40 | G26: =IF(E26="","",IF(E26>"09:00",(E26-"09:00")*1440,0)) | H26: 0 | I26: 迟到
A27: E002 | B27: 王芳 | C27: 技术部 | D27: 2026-09-04 | E27: 09:03 | F27: 18:37 | G27: =IF(E27="","",IF(E27>"09:00",(E27-"09:00")*1440,0)) | H27: 0 | I27: 迟到
A28: E002 | B28: 王芳 | C28: 技术部 | D28: 2026-09-07 | E28: 08:55 | F28: 18:12 | G28: =IF(E28="","",IF(E28>"09:00",(E28-"09:00")*1440,0)) | H28: 0 | I28: 正常
A29: E002 | B29: 王芳 | C29: 技术部 | D29: 2026-09-08 | E29: 08:55 | F29: 18:07 | G29: =IF(E29="","",IF(E29>"09:00",(E29-"09:00")*1440,0)) | H29: 0 | I29: 正常
... A61: E003 | B61: 赵强 | C61: 市场部 | D61: 2026-09-22 | E61: 08:55 | F61: 18:29 | G61: =IF(E61="","",IF(E61>"09:00",(E61-"09:00")*1440,0)) | H61: 0 | I61: 正常
A62: E003 | B62: 赵强 | C62: 市场部 | D62: 2026-09-23 | I62: 请假
A63: E003 | B63: 赵强 | C63: 市场部 | D63: 2026-09-24 | E63: 08:55 | F63: 18:42 | G63: =IF(E63="","",IF(E63>"09:00",(E63-"09:00")*1440,0)) | H63: 0 | I63: 正常
A64: E003 | B64: 赵强 | C64: 市场部 | D64: 2026-09-25 | E64: 08:55 | F64: 18:48 | G64: =IF(E64="","",IF(E64>"09:00",(E64-"09:00")*1440,0)) | H64: 0 | I64: 正常
A65: E003 | B65: 赵强 | C65: 市场部 | D65: 2026-09-28 | E65: 08:55 | F65: 18:24 | G65: =IF(E65="","",IF(E65>"09:00",(E65-"09:00")*1440,0)) | H65: 0 | I65: 正常
A66: E003 | B66: 赵强 | C66: 市场部 | D66: 2026-09-29 | E66: 08:55 | F66: 18:43 | G66: =IF(E66="","",IF(E66>"09:00",(E66-"09:00")*1440,0)) | H66: 0 | I66: 正常
A67: E003 | B67: 赵强 | C67: 市场部 | D67: 2026-09-30 | E67: 08:55 | F67: 18:49 | G67: =IF(E67="","",IF(E67>"09:00",(E67-"09:00")*1440,0)) | H67: 0 | I67: 正常
A68: E004 | B68: 刘洋 | C68: 财务部 | D68: 2026-09-01 | E68: 08:55 | F68: 18:26 | G68: =IF(E68="","",IF(E68>"09:00",(E68-"09:00")*1440,0)) | H68: 0 | I68: 正常
A69: E004 | B69: 刘洋 | C69: 财务部 | D69: 2026-09-02 | E69: 08:55 | F69: 18:45 | G69: =IF(E69="","",IF(E69>"09:00",(E69-"09:00")*1440,0)) | H69: 0 | I69: 正常
A70: E004 | B70: 刘洋 | C70: 财务部 | D70: 2026-09-03 | E70: 08:55 | F70: 18:12 | G70: =IF(E70="","",IF(E70>"09:00",(E70-"09:00")*1440,0)) | H70: 0 | I70: 正常
A71: E004 | B71: 刘洋 | C71: 财务部 | D71: 2026-09-04 | E71: 08:55 | F71: 18:32 | G71: =IF(E71="","",IF(E71>"09:00",(E71-"09:00")*1440,0)) | H71: 0 | I71: 正常
A72: E004 | B72: 刘洋 | C72: 财务部 | D72: 2026-09-07 | E72: 08:55 | F72: 18:07 | G72: =IF(E72="","",IF(E72>"09:00",(E72-"09:00")*1440,0)) | H72: 0 | I72: 正常
A73: E004 | B73: 刘洋 | C73: 财务部 | D73: 2026-09-08 | E73: 08:55 | F73: 18:24 | G73: =IF(E73="","",IF(E73>"09:00",(E73-"09:00")*1440,0)) | H73: 0 | I73: 正常
A74: E004 | B74: 刘洋 | C74: 财务部 | D74: 2026-09-09 | E74: 08:55 | F74: 18:38 | G74: =IF(E74="","",IF(E74>"09:00",(E74-"09:00")*1440,0)) | H74: 0 | I74: 正常
... A79: E004 | B79: 刘洋 | C79: 财务部 | D79: 2026-09-16 | E79: 08:55 | F79: 18:35 | G79: =IF(E79="","",IF(E79>"09:00",(E79-"09:00")*1440,0)) | H79: 0 | I79: 正常
A80: E004 | B80: 刘洋 | C80: 财务部 | D80: 2026-09-17 | I80: 请假
A81: E004 | B81: 刘洋 | C81: 财务部 | D81: 2026-09-18 | E81: 08:55 | F81: 18:14 | G81: =IF(E81="","",IF(E81>"09:00",(E81-"09:00")*1440,0)) | H81: 0 | I81: 正常
A82: E004 | B82: 刘洋 | C82: 财务部 | D82: 2026-09-21 | E82: 08:55 | F82: 18:33 | G82: =IF(E82="","",IF(E82>"09:00",(E82-"09:00")*1440,0)) | H82: 0 | I82: 正常
A83: E004 | B83: 刘洋 | C83: 财务部 | D83: 2026-09-22 | E83: 08:55 | F83: 18:08 | G83: =IF(E83="","",IF(E83>"09:00",(E83-"09:00")*1440,0)) | H83: 0 | I83: 正常
A84: E004 | B84: 刘洋 | C84: 财务部 | D84: 2026-09-23 | E84: 08:55 | F84: 18:33 | G84: =IF(E84="","",IF(E84>"09:00",(E84-"09:00")*1440,0)) | H84: 0 | I84: 正常
A85: E004 | B85: 刘洋 | C85: 财务部 | D85: 2026-09-24 | E85: 08:55 | F85: 18:09 | G85: =IF(E85="","",IF(E85>"09:00",(E85-"09:00")*1440,0)) | H85: 0 | I85: 正常
A86: E004 | B86: 刘洋 | C86: 财务部 | D86: 2026-09-25 | E86: 08:55 | F86: 18:08 | G86: =IF(E86="","",IF(E86>"09:00",(E86-"09:00")*1440,0)) | H86: 0 | I86: 正常
A87: E004 | B87: 刘洋 | C87: 财务部 | D87: 2026-09-28 | E87: 08:55 | F87: 18:42 | G87: =IF(E87="","",IF(E87>"09:00",(E87-"09:00")*1440,0)) | H87: 0 | I87: 正常
A88: E004 | B88: 刘洋 | C88: 财务部 | D88: 2026-09-29 | E88: 08:55 | F88: 18:45 | G88: =IF(E88="","",IF(E88>"09:00",(E88-"09:00")*1440,0)) | H88: 0 | I88: 正常
A89: E004 | B89: 刘洋 | C89: 财务部 | D89: 2026-09-30 | E89: 09:13 | F89: 18:43 | G89: =IF(E89="","",IF(E89>"09:00",(E89-"09:00")*1440,0)) | H89: 0 | I89: 迟到
A90: E005 | B90: 陈静 | C90: 人事部 | D90: 2026-09-01 | E90: 08:55 | F90: 18:11 | G90: =IF(E90="","",IF(E90>"09:00",(E90-"09:00")*1440,0)) | H90: 0 | I90: 正常
A91: E005 | B91: 陈静 | C91: 人事部 | D91: 2026-09-02 | E91: 08:55 | F91: 18:36 | G91: =IF(E91="","",IF(E91>"09:00",(E91-"09:00")*1440,0)) | H91: 0 | I91: 正常
A92: E005 | B92: 陈静 | C92: 人事部 | D92: 2026-09-03 | E92: 08:55 | F92: 18:21 | G92: =IF(E92="","",IF(E92>"09:00",(E92-"09:00")*1440,0)) | H92: 0 | I92: 正常
... A113: E006 | B113: 黄伟 | C113: 销售部 | D113: 2026-09-02 | E113: 08:55 | F113: 18:05 | G113: =IF(E113="","",IF(E113>"09:00",(E113-"09:00")*1440,0)) | H113: 0 | I113: 正常
A114: E006 | B114: 黄伟 | C114: 销售部 | D114: 2026-09-03 | I114: 请假
A115: E006 | B115: 黄伟 | C115: 销售部 | D115: 2026-09-04 | E115: 08:55 | F115: 18:45 | G115: =IF(E115="","",IF(E115>"09:00",(E115-"09:00")*1440,0)) | H115: 0 | I115: 正常
A116: E006 | B116: 黄伟 | C116: 销售部 | D116: 2026-09-07 | E116: 08:55 | F116: 18:42 | G116: =IF(E116="","",IF(E116>"09:00",(E116-"09:00")*1440,0)) | H116: 0 | I116: 正常
A117: E006 | B117: 黄伟 | C117: 销售部 | D117: 2026-09-08 | E117: 08:55 | F117: 18:26 | G117: =IF(E117="","",IF(E117>"09:00",(E117-"09:00")*1440,0)) | H117: 0 | I117: 正常
A118: E006 | B118: 黄伟 | C118: 销售部 | D118: 2026-09-09 | E118: 08:55 | F118: 18:38 | G118: =IF(E118="","",IF(E118>"09:00",(E118-"09:00")*1440,0)) | H118: 0 | I118: 正常
A119: E006 | B119: 黄伟 | C119: 销售部 | D119: 2026-09-10 | E119: 08:55 | F119: 18:50 | G119: =IF(E119="","",IF(E119>"09:00",(E119-"09:00")*1440,0)) | H119: 0 | I119: 正常
A120: E006 | B120: 黄伟 | C120: 销售部 | D120: 2026-09-11 | E120: 08:55 | F120: 18:41 | G120: =IF(E120="","",IF(E120>"09:00",(E120-"09:00")*1440,0)) | H120: 0 | I120: 正常
A121: E006 | B121: 黄伟 | C121: 销售部 | D121: 2026-09-14 | E121: 08:55 | F121: 18:29 | G121: =IF(E121="","",IF(E121>"09:00",(E121-"09:00")*1440,0)) | H121: 0 | I121: 正常
A122: E006 | B122: 黄伟 | C122: 销售部 | D122: 2026-09-15 | E122: 08:55 | F122: 18:21 | G122: =IF(E122="","",IF(E122>"09:00",(E122-"09:00")*1440,0)) | H122: 0 | I122: 正常
A123: E006 | B123: 黄伟 | C123: 销售部 | D123: 2026-09-16 | E123: 09:12 | F123: 18:46 | G123: =IF(E123="","",IF(E123>"09:00",(E123-"09:00")*1440,0)) | H123: 0 | I123: 迟到
A124: E006 | B124: 黄伟 | C124: 销售部 | D124: 2026-09-17 | E124: 09:20 | F124: 18:14 | G124: =IF(E124="","",IF(E124>"09:00",(E124-"09:00")*1440,0)) | H124: 0 | I124: 迟到
A125: E006 | B125: 黄伟 | C125: 销售部 | D125: 2026-09-18 | E125: 08:55 | F125: 18:14 | G125: =IF(E125="","",IF(E125>"09:00",(E125-"09:00")*1440,0)) | H125: 0 | I125: 正常
A126: E006 | B126: 黄伟 | C126: 销售部 | D126: 2026-09-21 | E126: 08:55 | F126: 18:32 | G126: =IF(E126="","",IF(E126>"09:00",(E126-"09:00")*1440,0)) | H126: 0 | I126: 正常
... A236: E011 | B236: 褚亮 | C236: 销售部 | D236: 2026-09-21 | E236: 08:55 | F236: 18:33 | G236: =IF(E236="","",IF(E236>"09:00",(E236-"09:00")*1440,0)) | H236: 0 | I236: 正常
A237: E011 | B237: 褚亮 | C237: 销售部 | D237: 2026-09-22 | I237: 请假
A238: E011 | B238: 褚亮 | C238: 销售部 | D238: 2026-09-23 | E238: 08:55 | F238: 18:18 | G238: =IF(E238="","",IF(E238>"09:00",(E238-"09:00")*1440,0)) | H238: 0 | I238: 正常
A239: E011 | B239: 褚亮 | C239: 销售部 | D239: 2026-09-24 | E239: 08:55 | F239: 18:19 | G239: =IF(E239="","",IF(E239>"09:00",(E239-"09:00")*1440,0)) | H239: 0 | I239: 正常
A240: E011 | B240: 褚亮 | C240: 销售部 | D240: 2026-09-25 | E240: 08:55 | F240: 18:39 | G240: =IF(E240="","",IF(E240>"09:00",(E240-"09:00")*1440,0)) | H240: 0 | I240: 正常
A241: E011 | B241: 褚亮 | C241: 销售部 | D241: 2026-09-28 | E241: 08:55 | F241: 18:14 | G241: =IF(E241="","",IF(E241>"09:00",(E241-"09:00")*1440,0)) | H241: 0 | I241: 正常
A242: E011 | B242: 褚亮 | C242: 销售部 | D242: 2026-09-29 | E242: 08:55 | F242: 18:48 | G242: =IF(E242="","",IF(E242>"09:00",(E242-"09:00")*1440,0)) | H242: 0 | I242: 正常
A243: E011 | B243: 褚亮 | C243: 销售部 | D243: 2026-09-30 | E243: 08:55 | F243: 18:31 | G243: =IF(E243="","",IF(E243>"09:00",(E243-"09:00")*1440,0)) | H243: 0 | I243: 正常
A244: E012 | B244: 卫东 | C244: 技术部 | D244: 2026-09-01 | E244: 08:55 | F244: 18:31 | G244: =IF(E244="","",IF(E244>"09:00",(E244-"09:00")*1440,0)) | H244: 0 | I244: 正常
A245: E012 | B245: 卫东 | C245: 技术部 | D245: 2026-09-02 | E245: 09:16 | F245: 18:29 | G245: =IF(E245="","",IF(E245>"09:00",(E245-"09:00")*1440,0)) | H245: 0 | I245: 迟到
A246: E012 | B246: 卫东 | C246: 技术部 | D246: 2026-09-03 | E246: 08:55 | F246: 18:25 | G246: =IF(E246="","",IF(E246>"09:00",(E246-"09:00")*1440,0)) | H246: 0 | I246: 正常
A247: E012 | B247: 卫东 | C247: 技术部 | D247: 2026-09-04 | E247: 08:55 | F247: 18:10 | G247: =IF(E247="","",IF(E247>"09:00",(E247-"09:00")*1440,0)) | H247: 0 | I247: 正常
A248: E012 | B248: 卫东 | C248: 技术部 | D248: 2026-09-07 | E248: 08:55 | F248: 18:25 | G248: =IF(E248="","",IF(E248>"09:00",(E248-"09:00")*1440,0)) | H248: 0 | I248: 正常
A249: E012 | B249: 卫东 | C249: 技术部 | D249: 2026-09-08 | E249: 09:14 | F249: 18:30 | G249: =IF(E249="","",IF(E249>"09:00",(E249-"09:00")*1440,0)) | H249: 0 | I249: 迟到
... A269: E013 | B269: 蒋欣 | C269: 市场部 | D269: 2026-09-04 | E269: 08:55 | F269: 18:17 | G269: =IF(E269="","",IF(E269>"09:00",(E269-"09:00")*1440,0)) | H269: 0 | I269: 正常
A270: E013 | B270: 蒋欣 | C270: 市场部 | D270: 2026-09-07 | I270: 请假
A271: E013 | B271: 蒋欣 | C271: 市场部 | D271: 2026-09-08 | E271: 08:55 | F271: 18:09 | G271: =IF(E271="","",IF(E271>"09:00",(E271-"09:00")*1440,0)) | H271: 0 | I271: 正常
A272: E013 | B272: 蒋欣 | C272: 市场部 | D272: 2026-09-09 | E272: 08:55 | F272: 18:15 | G272: =IF(E272="","",IF(E272>"09:00",(E272-"09:00")*1440,0)) | H272: 0 | I272: 正常
A273: E013 | B273: 蒋欣 | C273: 市场部 | D273: 2026-09-10 | E273: 08:55 | F273: 18:29 | G273: =IF(E273="","",IF(E273>"09:00",(E273-"09:00")*1440,0)) | H273: 0 | I273: 正常
A274: E013 | B274: 蒋欣 | C274: 市场部 | D274: 2026-09-11 | E274: 09:02 | F274: 18:20 | G274: =IF(E274="","",IF(E274>"09:00",(E274-"09:00")*1440,0)) | H274: 0 | I274: 迟到
A275: E013 | B275: 蒋欣 | C275: 市场部 | D275: 2026-09-14 | E275: 08:55 | F275: 18:14 | G275: =IF(E275="","",IF(E275>"09:00",(E275-"09:00")*1440,0)) | H275: 0 | I275: 正常
A276: E013 | B276: 蒋欣 | C276: 市场部 | D276: 2026-09-15 | E276: 08:55 | F276: 18:15 | G276: =IF(E276="","",IF(E276>"09:00",(E276-"09:00")*1440,0)) | H276: 0 | I276: 正常
A277: E013 | B277: 蒋欣 | C277: 市场部 | D277: 2026-09-16 | E277: 08:55 | F277: 18:06 | G277: =IF(E277="","",IF(E277>"09:00",(E277-"09:00")*1440,0)) | H277: 0 | I277: 正常
A278: E013 | B278: 蒋欣 | C278: 市场部 | D278: 2026-09-17 | E278: 08:55 | F278: 18:10 | G278: =IF(E278="","",IF(E278>"09:00",(E278-"09:00")*1440,0)) | H278: 0 | I278: 正常
A279: E013 | B279: 蒋欣 | C279: 市场部 | D279: 2026-09-18 | E279: 08:55 | F279: 18:15 | G279: =IF(E279="","",IF(E279>"09:00",(E279-"09:00")*1440,0)) | H279: 0 | I279: 正常
A280: E013 | B280: 蒋欣 | C280: 市场部 | D280: 2026-09-21 | E280: 08:55 | F280: 18:28 | G280: =IF(E280="","",IF(E280>"09:00",(E280-"09:00")*1440,0)) | H280: 0 | I280: 正常
A281: E013 | B281: 蒋欣 | C281: 市场部 | D281: 2026-09-22 | E281: 08:55 | F281: 18:11 | G281: =IF(E281="","",IF(E281>"09:00",(E281-"09:00")*1440,0)) | H281: 0 | I281: 正常
A282: E013 | B282: 蒋欣 | C282: 市场部 | D282: 2026-09-23 | E282: 08:55 | F282: 18:07 | G282: =IF(E282="","",IF(E282>"09:00",(E282-"09:00")*1440,0)) | H282: 0 | I282: 正常
... A285: E013 | B285: 蒋欣 | C285: 市场部 | D285: 2026-09-28 | E285: 08:55 | F285: 18:05 | G285: =IF(E285="","",IF(E285>"09:00",(E285-"09:00")*1440,0)) | H285: 0 | I285: 正常
...

Sheet 部门汇总
A1: 部门 | B1: 迟到人次 | C1: 平均迟到分钟 | D1: 请假人次
A2: 销售部 | B2: =COUNTIFS(考勤记录!C:C,A2,考勤记录!I:I,"迟到") | C2: =ROUND(AVERAGEIF(考勤记录!C:C,A2,考勤记录!G:G),1) | D2: =COUNTIFS(考勤记录!C:C,A2,考勤记录!I:I,"请假")
A3: 技术部 | B3: =COUNTIFS(考勤记录!C:C,A3,考勤记录!I:I,"迟到") | C3: =ROUND(AVERAGEIF(考勤记录!C:C,A3,考勤记录!G:G),1) | D3: =COUNTIFS(考勤记录!C:C,A3,考勤记录!I:I,"请假")
A4: 市场部 | B4: =COUNTIFS(考勤记录!C:C,A4,考勤记录!I:I,"迟到") | C4: =ROUND(AVERAGEIF(考勤记录!C:C,A4,考勤记录!G:G),1) | D4: =COUNTIFS(考勤记录!C:C,A4,考勤记录!I:I,"请假")
A5: 财务部 | B5: =COUNTIFS(考勤记录!C:C,A5,考勤记录!I:I,"迟到") | C5: =ROUND(AVERAGEIF(考勤记录!C:C,A5,考勤记录!G:G),1) | D5: =COUNTIFS(考勤记录!C:C,A5,考勤记录!I:I,"请假")
A6: 人事部 | B6: =COUNTIFS(考勤记录!C:C,A6,考勤记录!I:I,"迟到") | C6: =ROUND(AVERAGEIF(考勤记录!C:C,A6,考勤记录!G:G),1) | D6: =COUNTIFS(考勤记录!C:C,A6,考勤记录!I:I,"请假")

Sheet 使用说明
A1: 人事考勤样本 — 练习建议
A2: 1. 迟到(分钟)列用公式 =IF(上班打卡>"09:00",(上班打卡-"09:00")*1440,0)，改打卡时间自动重算。
A3: 2. 部门汇总表用 COUNTIFS/AVERAGEIF 按部门统计，注意跨表引用写法 考勤记录!C:C。
A4: 3. 练习：找出迟到超过 3 次的员工（COUNTIFS 工号+迟到）。
A5: 4. 练习：用数据透视表按「出勤状态」统计各部门人数。
A6: 5. 练习：给迟到>15 分钟的行加条件格式标红。
